<?xml version="1.0" encoding="utf-8" ?>
<breeze-manifest version="1.0" xmlns="http://breeze.macromedia.com/ns/breeze-manifest" generator="Adobe Captivate 8">
	<document type="captivate" icon="captivate" section-count="10"/>
	<assets>
		<asset type="document-view">
			
			<entry href="index.html" href-html5="" href-swf="" width="1024" height="627" type="" parameters="connect_support=true&amp;responsive=false&amp;scalable=false"/>
			
			
<file href="goodbye.html"/>
<file href="index.html"/>
<file href="project.txt"/>
<file href="vr/Vi1.mp4"/>
<file href="vr/Vi2.mp4"/>
<file href="vr/Vi3.mp4"/>
<file href="vr/Vi4.mp4"/>
<file href="dr/img1.json"/>
<file href="dr/img2.json"/>
<file href="dr/img3.json"/>
<file href="dr/img4.json"/>
<file href="dr/img5.json"/>
<file href="dr/img6.json"/>
<file href="dr/img7.json"/>
<file href="dr/imgmd.json"/>
<file href="dr/loading.gif"/>
<file href="ar/16081.mp3"/>
<file href="ar/16084.mp3"/>
<file href="ar/16087.mp3"/>
<file href="ar/16093.mp3"/>
<file href="ar/51104.mp3"/>
<file href="ar/7085.mp3"/>
<file href="ar/Mouse.mp3"/>
<file href="assets/toc/tocIcons/blankBookmark.png"/>
<file href="assets/toc/tocIcons/clear.png"/>
<file href="assets/toc/tocIcons/expander.png"/>
<file href="assets/toc/tocIcons/fullBookmark.png"/>
<file href="assets/toc/tocIcons/go.png"/>
<file href="assets/toc/tocIcons/infoClose.png"/>
<file href="assets/toc/tocIcons/moreinfo.png"/>
<file href="assets/toc/tocIcons/searchBtnNormal.png"/>
<file href="assets/toc/tocIcons/searchBtnSelect.png"/>
<file href="assets/toc/tocIcons/visited.png"/>
<file href="assets/css/CPLibraryAll.css"/>
<file href="assets/css/start/jquery-ui-1.11.4.custom.css"/>
<file href="assets/css/start/jquery-ui-1.11.4.custom.min.css"/>
<file href="assets/css/start/images/animated-overlay.gif"/>
<file href="assets/css/start/images/ui-bg_flat_55_999999_40x100.png"/>
<file href="assets/css/start/images/ui-bg_flat_75_aaaaaa_40x100.png"/>
<file href="assets/css/start/images/ui-bg_glass_45_0078ae_1x400.png"/>
<file href="assets/css/start/images/ui-bg_glass_55_f8da4e_1x400.png"/>
<file href="assets/css/start/images/ui-bg_glass_75_79c9ec_1x400.png"/>
<file href="assets/css/start/images/ui-bg_gloss-wave_45_e14f1c_500x100.png"/>
<file href="assets/css/start/images/ui-bg_gloss-wave_50_6eac2c_500x100.png"/>
<file href="assets/css/start/images/ui-bg_gloss-wave_75_2191c0_500x100.png"/>
<file href="assets/css/start/images/ui-bg_inset-hard_100_fcfdfd_1x100.png"/>
<file href="assets/css/start/images/ui-icons_0078ae_256x240.png"/>
<file href="assets/css/start/images/ui-icons_056b93_256x240.png"/>
<file href="assets/css/start/images/ui-icons_d8e7f3_256x240.png"/>
<file href="assets/css/start/images/ui-icons_e0fdff_256x240.png"/>
<file href="assets/css/start/images/ui-icons_f5e175_256x240.png"/>
<file href="assets/css/start/images/ui-icons_f7a50d_256x240.png"/>
<file href="assets/css/start/images/ui-icons_fcd113_256x240.png"/>
<file href="assets/js/CPM.js"/>
<file href="assets/js/CPXHRLoader.js"/>
<file href="assets/js/jquery-3.3.1.min.js"/>
<file href="assets/htmlimages/360_slide_OFF_Click.svg"/>
<file href="assets/htmlimages/360_slide_OFF_Hover.svg"/>
<file href="assets/htmlimages/360_slide_OFF_Normal.svg"/>
<file href="assets/htmlimages/360_slide_ON_Click.svg"/>
<file href="assets/htmlimages/360_slide_ON_Hover.svg"/>
<file href="assets/htmlimages/360_slide_ON_normal.svg"/>
<file href="assets/htmlimages/Answer_checkbox_correct.png"/>
<file href="assets/htmlimages/Answer_checkbox_hover.png"/>
<file href="assets/htmlimages/Answer_checkbox_incorrect.png"/>
<file href="assets/htmlimages/Answer_checkbox_normal.png"/>
<file href="assets/htmlimages/Answer_checkbox_select.png"/>
<file href="assets/htmlimages/Answer_radio_correct.png"/>
<file href="assets/htmlimages/Answer_radio_hover.png"/>
<file href="assets/htmlimages/Answer_radio_incorrect.png"/>
<file href="assets/htmlimages/Answer_radio_normal.png"/>
<file href="assets/htmlimages/Answer_radio_select.png"/>
<file href="assets/htmlimages/Graph.jpg"/>
<file href="assets/htmlimages/HotspotDisplayImage.png"/>
<file href="assets/htmlimages/HotspotDisplayText.png"/>
<file href="assets/htmlimages/HotspotNavigation.png"/>
<file href="assets/htmlimages/HotspotPlayAudio.png"/>
<file href="assets/htmlimages/HotspotQuestionOverlays.png"/>
<file href="assets/htmlimages/HotspotStaticActions.png"/>
<file href="assets/htmlimages/Pause.gif"/>
<file href="assets/htmlimages/Pause2x.gif"/>
<file href="assets/htmlimages/Play.gif"/>
<file href="assets/htmlimages/Play2x.gif"/>
<file href="assets/htmlimages/Play_icon.png"/>
<file href="assets/htmlimages/ThreeD_Close.svg"/>
<file href="assets/htmlimages/ThreeD_HotspotDefaultGlow.png"/>
<file href="assets/htmlimages/ThreeD_HotspotGlow.png"/>
<file href="assets/htmlimages/ThreeD_Pause.svg"/>
<file href="assets/htmlimages/ThreeD_Play.svg"/>
<file href="assets/htmlimages/VR_menu_close_default@2x.png"/>
<file href="assets/htmlimages/VR_menu_close_hover@2x.png"/>
<file href="assets/htmlimages/VR_menu_close_select@2x.png"/>
<file href="assets/htmlimages/VR_menu_default@2x.png"/>
<file href="assets/htmlimages/VR_menu_hover@2x.png"/>
<file href="assets/htmlimages/VR_menu_mute_default@2x.png"/>
<file href="assets/htmlimages/VR_menu_mute_hover@2x.png"/>
<file href="assets/htmlimages/VR_menu_mute_select@2x.png"/>
<file href="assets/htmlimages/VR_menu_next_default@2x.png"/>
<file href="assets/htmlimages/VR_menu_next_hover@2x.png"/>
<file href="assets/htmlimages/VR_menu_next_select@2x.png"/>
<file href="assets/htmlimages/VR_menu_pause_default@2x.png"/>
<file href="assets/htmlimages/VR_menu_pause_hover@2x.png"/>
<file href="assets/htmlimages/VR_menu_pause_select@2x.png"/>
<file href="assets/htmlimages/VR_menu_play_default@2x.png"/>
<file href="assets/htmlimages/VR_menu_play_hover@2x.png"/>
<file href="assets/htmlimages/VR_menu_play_select@2x.png"/>
<file href="assets/htmlimages/VR_menu_previous_default@2x.png"/>
<file href="assets/htmlimages/VR_menu_previous_hover@2x.png"/>
<file href="assets/htmlimages/VR_menu_previous_select@2x.png"/>
<file href="assets/htmlimages/VR_menu_select@2x.png"/>
<file href="assets/htmlimages/VR_move_left.png"/>
<file href="assets/htmlimages/VR_move_right.png"/>
<file href="assets/htmlimages/arrow_right.gif"/>
<file href="assets/htmlimages/assessmenthotspotvisited.png"/>
<file href="assets/htmlimages/assessmenthotspotvisited.svg"/>
<file href="assets/htmlimages/assessmenthotspotvisited@2x.png"/>
<file href="assets/htmlimages/ccClose.png"/>
<file href="assets/htmlimages/checkBox_disabled.png"/>
<file href="assets/htmlimages/checkBox_normal.png"/>
<file href="assets/htmlimages/checkBox_selected.png"/>
<file href="assets/htmlimages/checkBox_selectedDisabled.png"/>
<file href="assets/htmlimages/checkboxchecked.png"/>
<file href="assets/htmlimages/checkboxunchecked.png"/>
<file href="assets/htmlimages/closeReviewButton.png"/>
<file href="assets/htmlimages/correct_answer_normal.png"/>
<file href="assets/htmlimages/correct_answer_small.png"/>
<file href="assets/htmlimages/correct_question_normal.png"/>
<file href="assets/htmlimages/correct_question_small.png"/>
<file href="assets/htmlimages/dd_arrow.png"/>
<file href="assets/htmlimages/expand_icon.png"/>
<file href="assets/htmlimages/expand_icon@2x.png"/>
<file href="assets/htmlimages/gesturemobileicon.png"/>
<file href="assets/htmlimages/gesturemobileicon@2x.png"/>
<file href="assets/htmlimages/gesturemobileimage2.png"/>
<file href="assets/htmlimages/gesturemobilelandscape.png"/>
<file href="assets/htmlimages/gesturetabletimage.png"/>
<file href="assets/htmlimages/hotspot.gif"/>
<file href="assets/htmlimages/hotspot_correct_answer_normal.png"/>
<file href="assets/htmlimages/hotspot_incorrect_answer_normal.png"/>
<file href="assets/htmlimages/img_trans.gif"/>
<file href="assets/htmlimages/incorrect_answer_normal.png"/>
<file href="assets/htmlimages/incorrect_answer_small.png"/>
<file href="assets/htmlimages/incorrect_question_normal.png"/>
<file href="assets/htmlimages/incorrect_question_small.png"/>
<file href="assets/htmlimages/loader.gif"/>
<file href="assets/htmlimages/loader_transparent.gif"/>
<file href="assets/htmlimages/movieexpire.png"/>
<file href="assets/htmlimages/partial_correct_question_normal.png"/>
<file href="assets/htmlimages/partial_correct_question_small.png"/>
<file href="assets/htmlimages/placeholder.png"/>
<file href="assets/htmlimages/radioButton_disabled.png"/>
<file href="assets/htmlimages/radioButton_normal.png"/>
<file href="assets/htmlimages/radioButton_selected.png"/>
<file href="assets/htmlimages/radioButton_selectedDisabled.png"/>
<file href="assets/htmlimages/radiochecked.png"/>
<file href="assets/htmlimages/radiounchecked.png"/>
<file href="assets/htmlimages/sequenceReview.png"/>
<file href="assets/htmlimages/skip_answer_normal.png"/>
<file href="assets/htmlimages/skip_answer_small.png"/>
<file href="assets/htmlimages/skip_question_normal.png"/>
<file href="assets/htmlimages/skip_question_small.png"/>
<file href="assets/htmlimages/toc.png"/>
<file href="assets/htmlimages/vidbg.png"/>
<file href="assets/htmlimages/vidfullscreen.png"/>
<file href="assets/htmlimages/vidpause.png"/>
<file href="assets/htmlimages/vidplay.png"/>
<file href="assets/htmlimages/vidrewind.png"/>
<file href="assets/htmlimages/vidslider.png"/>
<file href="assets/htmlimages/vidstop.png"/>
<file href="assets/htmlimages/vidvolume.png"/>
<file href="assets/htmlimages/vidvolume2.png"/>
<file href="assets/htmlimages/vidvolumemute.png"/>
<file href="assets/TOC_icons/collapseIcon.png"/>
<file href="assets/TOC_icons/expandIcon.png"/>
<file href="assets/TOC_icons/photo.png"/>
<file href="assets/playbar/playbarStyle.css"/>
			
		</asset>
		
		<asset type="document-metadata" location="file"><file href="index.html_BDMetadata.xml"/></asset>
		
	</assets>
</breeze-manifest>
