<?xml version="1.0" encoding="utf-8" ?>
<document-metadata version="1.0" xmlns="http://breeze.macromedia.com/ns/document-metadata" generator="Adobe Captivate 8">
<document-info>
	<title></title>
	<summary></summary>
	<author></author>
	<keywords>Adobe Captivate Project </keywords>
	<view-link href="index.html?slide={position}"/>
</document-info>
<section type="slide" position="1">
	<title>Intro Poster</title>

	<content>
	<text>In 2019</text>

	<text>32 % of data breaches involved phishing</text>

	<text>Phishing costed an estimate $1.7 Billion worldwide</text>
</content>

	<related-content>{\rtf1\ansi\ansicpg1252\cocoartf2512
\cocoatextscaling0\cocoaplatform0{\fonttbl\f0\fswiss\fcharset0 ArialMT;}
{\colortbl;\red255\green255\blue255;\red0\green0\blue0;}
{\*\expandedcolortbl;;\cspthree\c0\c0\c0;}
\pard\tx560\tx1120\tx1680\tx2240\tx2800\tx3360\tx3920\tx4480\tx5040\tx5600\tx6160\tx6720\pardirnatural\partightenfactor0

\f0\fs24 \cf2 In 2019, 32% of Confirmed Data Breaches Involved Phishing and that costed an estimate 1.7 billion USD in 2019 alone.}; {\rtf1\ansi\ansicpg1252\cocoartf2512
\cocoatextscaling0\cocoaplatform0{\fonttbl\f0\fswiss\fcharset0 ArialMT;}
{\colortbl;\red255\green255\blue255;\red0\green0\blue0;}
{\*\expandedcolortbl;;\cspthree\c0\c0\c0;}
\pard\tx560\tx1120\tx1680\tx2240\tx2800\tx3360\tx3920\tx4480\tx5040\tx5600\tx6160\tx6720\pardirnatural\partightenfactor0

\f0\fs24 \cf2 Don\&apos;92t be the next victim, learn how to identify a fishing attempt right now.}</related-content>
</section>
<section type="slide" position="2">
	<title>receive phishing email</title>

	<content>
	<text>Should you click this link?</text>
</content>

	<related-content>{\rtf1\ansi\ansicpg1252\cocoartf2512
\cocoatextscaling0\cocoaplatform0{\fonttbl\f0\fswiss\fcharset0 ArialMT;}
{\colortbl;\red255\green255\blue255;\red0\green0\blue0;}
{\*\expandedcolortbl;;\cspthree\c0\c0\c0;}
\pard\tx560\tx1120\tx1680\tx2240\tx2800\tx3360\tx3920\tx4480\tx5040\tx5600\tx6160\tx6720\pardirnatural\partightenfactor0

\f0\fs24 \cf2 Just like every morning, you are reviewing your emails confident that the security measures installed by IT on the mail server effectively protect you from all kind of attacks.}; {\rtf1\ansi\ansicpg1252\cocoartf2512
\cocoatextscaling0\cocoaplatform0{\fonttbl\f0\fswiss\fcharset0 ArialMT;}
{\colortbl;\red255\green255\blue255;\red0\green0\blue0;}
{\*\expandedcolortbl;;\cspthree\c0\c0\c0;}
\pard\tx560\tx1120\tx1680\tx2240\tx2800\tx3360\tx3920\tx4480\tx5040\tx5600\tx6160\tx6720\pardirnatural\partightenfactor0

\f0\fs24 \cf2 Then suddenly, }; {\rtf1\ansi\ansicpg1252\cocoartf2512
\cocoatextscaling0\cocoaplatform0{\fonttbl\f0\fswiss\fcharset0 ArialMT;}
{\colortbl;\red255\green255\blue255;\red0\green0\blue0;}
{\*\expandedcolortbl;;\cspthree\c0\c0\c0;}
\pard\tx560\tx1120\tx1680\tx2240\tx2800\tx3360\tx3920\tx4480\tx5040\tx5600\tx6160\tx6720\pardirnatural\partightenfactor0

\f0\fs24 \cf2 You get this new email message asking you to urgently click the link it contains.}; {\rtf1\ansi\ansicpg1252\cocoartf2512
\cocoatextscaling0\cocoaplatform0{\fonttbl\f0\fswiss\fcharset0 ArialMT;}
{\colortbl;\red255\green255\blue255;\red0\green0\blue0;}
{\*\expandedcolortbl;;\cspthree\c0\c0\c0;}
\pard\tx560\tx1120\tx1680\tx2240\tx2800\tx3360\tx3920\tx4480\tx5040\tx5600\tx6160\tx6720\pardirnatural\partightenfactor0

\f0\fs24 \cf2 But, after reading this message, you start wondering. Should you click that link?}</related-content>
</section>
<section type="slide" position="3">
	<title>What is phishing</title>

	<content>
	<text>The email is the bait that makes you fall into their trap… or not.</text>
</content>

	<related-content>{\rtf1\ansi\ansicpg1252\cocoartf2512
\cocoatextscaling0\cocoaplatform0{\fonttbl\f0\fswiss\fcharset0 ArialMT;}
{\colortbl;\red255\green255\blue255;\red0\green0\blue0;}
{\*\expandedcolortbl;;\cspthree\c0\c0\c0;}
\pard\tx560\tx1120\tx1680\tx2240\tx2800\tx3360\tx3920\tx4480\tx5040\tx5600\tx6160\tx6720\pardirnatural\partightenfactor0

\f0\fs24 \cf2 But do you know how fishing works? }; {\rtf1\ansi\ansicpg1252\cocoartf2512
\cocoatextscaling0\cocoaplatform0{\fonttbl\f0\fswiss\fcharset0 ArialMT;}
{\colortbl;\red255\green255\blue255;\red0\green0\blue0;}
{\*\expandedcolortbl;;\cspthree\c0\c0\c0;}
\pard\tx560\tx1120\tx1680\tx2240\tx2800\tx3360\tx3920\tx4480\tx5040\tx5600\tx6160\tx6720\pardirnatural\partightenfactor0

\f0\fs24 \cf2 First, the hackers create a fake web page they will use to collect data from the fraud\&apos;92s victims.}; {\rtf1\ansi\ansicpg1252\cocoartf2512
\cocoatextscaling0\cocoaplatform0{\fonttbl\f0\fswiss\fcharset0 ArialMT;}
{\colortbl;\red255\green255\blue255;\red0\green0\blue0;}
{\*\expandedcolortbl;;\cspthree\c0\c0\c0;}
\pard\tx560\tx1120\tx1680\tx2240\tx2800\tx3360\tx3920\tx4480\tx5040\tx5600\tx6160\tx6720\pardirnatural\partightenfactor0

\f0\fs24 \cf2 Then, the hackers send millions of emails with a link to their fake web page. The email is designed to trick people into clicking this dangerous link. }; {\rtf1\ansi\ansicpg1252\cocoartf2512
\cocoatextscaling0\cocoaplatform0{\fonttbl\f0\fswiss\fcharset0 ArialMT;}
{\colortbl;\red255\green255\blue255;\red0\green0\blue0;}
{\*\expandedcolortbl;;\cspthree\c0\c0\c0;}
\pard\tx560\tx1120\tx1680\tx2240\tx2800\tx3360\tx3920\tx4480\tx5040\tx5600\tx6160\tx6720\pardirnatural\partightenfactor0

\f0\fs24 \cf2 Those who click the link reach the fake web page where a form is asking them all kind ot personal data including passwords. What these people actually do is giving this information directly to the hackers.}; {\rtf1\ansi\ansicpg1252\cocoartf2512
\cocoatextscaling0\cocoaplatform0{\fonttbl\f0\fswiss\fcharset0 ArialMT;}
{\colortbl;\red255\green255\blue255;\red0\green0\blue0;}
{\*\expandedcolortbl;;\cspthree\c0\c0\c0;}
\pard\tx560\tx1120\tx1680\tx2240\tx2800\tx3360\tx3920\tx4480\tx5040\tx5600\tx6160\tx6720\pardirnatural\partightenfactor0

\f0\fs24 \cf2 Finally, the hackers use the information provided by the victims to steal their money, to access confidential resources using their account, etc.}; {\rtf1\ansi\ansicpg1252\cocoartf2512
\cocoatextscaling0\cocoaplatform0{\fonttbl\f0\fswiss\fcharset0 ArialMT;}
{\colortbl;\red255\green255\blue255;\red0\green0\blue0;}
{\*\expandedcolortbl;;\cspthree\c0\c0\c0;}
\pard\tx560\tx1120\tx1680\tx2240\tx2800\tx3360\tx3920\tx4480\tx5040\tx5600\tx6160\tx6720\pardirnatural\partightenfactor0

\f0\fs24 \cf2 For the hackers, the critical part is the email. The email is the bait that makes you fall into their trap \&apos;85.. or not.}; {\rtf1\ansi\ansicpg1252\cocoartf2512
\cocoatextscaling0\cocoaplatform0{\fonttbl\f0\fswiss\fcharset0 ArialMT;}
{\colortbl;\red255\green255\blue255;\red0\green0\blue0;}
{\*\expandedcolortbl;;\cspthree\c0\c0\c0;}
\pard\tx560\tx1120\tx1680\tx2240\tx2800\tx3360\tx3920\tx4480\tx5040\tx5600\tx6160\tx6720\pardirnatural\partightenfactor0

\f0\fs24 \cf2 So the best way to protect yourself against this type of attack, is to learn how to recognize a phishing email.}</related-content>
</section>
<section type="slide" position="4">
	<title>Recognise phishing email</title>

	<content></content>

	<related-content>{\rtf1\ansi\ansicpg1252\cocoartf2512
\cocoatextscaling0\cocoaplatform0{\fonttbl\f0\fswiss\fcharset0 ArialMT;}
{\colortbl;\red255\green255\blue255;\red0\green0\blue0;}
{\*\expandedcolortbl;;\cspthree\c0\c0\c0;}
\pard\tx560\tx1120\tx1680\tx2240\tx2800\tx3360\tx3920\tx4480\tx5040\tx5600\tx6160\tx6720\pardirnatural\partightenfactor0

\f0\fs24 \cf2 Click the buttons to find out how you can firmly identify this message as a phishing attempt.}; {\rtf1\ansi\ansicpg1252\cocoartf2512
\cocoatextscaling0\cocoaplatform0{\fonttbl\f0\fswiss\fcharset0 ArialMT;}
{\colortbl;\red255\green255\blue255;\red0\green0\blue0;}
{\*\expandedcolortbl;;\cspthree\c0\c0\c0;}
\pard\tx560\tx1120\tx1680\tx2240\tx2800\tx3360\tx3920\tx4480\tx5040\tx5600\tx6160\tx6720\pardirnatural\partightenfactor0

\f0\fs24 \cf2 You must review all the buttons before moving on the next part of the module.}</related-content>
</section>
<section type="slide" position="5">
	<title>video_address</title>

	<content></content>

	<related-content>{\rtf1\ansi\ansicpg1252\cocoartf2512
\cocoatextscaling0\cocoaplatform0{\fonttbl\f0\fswiss\fcharset0 ArialMT;}
{\colortbl;\red255\green255\blue255;\red0\green0\blue0;}
{\*\expandedcolortbl;;\cspthree\c0\c0\c0;}
\pard\tx560\tx1120\tx1680\tx2240\tx2800\tx3360\tx3920\tx4480\tx5040\tx5600\tx6160\tx6720\pardirnatural\partightenfactor0

\f0\fs24 \cf2 Click the buttons to find out how you can firmly identify this message as a phishing attempt.}</related-content>
</section>
<section type="slide" position="6">
	<title>video_graphics</title>

	<content></content>

	<related-content>{\rtf1\ansi\ansicpg1252\cocoartf2512
\cocoatextscaling0\cocoaplatform0{\fonttbl\f0\fswiss\fcharset0 ArialMT;}
{\colortbl;\red255\green255\blue255;\red0\green0\blue0;}
{\*\expandedcolortbl;;\cspthree\c0\c0\c0;}
\pard\tx560\tx1120\tx1680\tx2240\tx2800\tx3360\tx3920\tx4480\tx5040\tx5600\tx6160\tx6720\pardirnatural\partightenfactor0

\f0\fs24 \cf2 Click the buttons to find out how you can firmly identify this message as a phishing attempt.}</related-content>
</section>
<section type="slide" position="7">
	<title>video_emergency</title>

	<content></content>

	<related-content>{\rtf1\ansi\ansicpg1252\cocoartf2512
\cocoatextscaling0\cocoaplatform0{\fonttbl\f0\fswiss\fcharset0 ArialMT;}
{\colortbl;\red255\green255\blue255;\red0\green0\blue0;}
{\*\expandedcolortbl;;\cspthree\c0\c0\c0;}
\pard\tx560\tx1120\tx1680\tx2240\tx2800\tx3360\tx3920\tx4480\tx5040\tx5600\tx6160\tx6720\pardirnatural\partightenfactor0

\f0\fs24 \cf2 Click the buttons to find out how you can firmly identify this message as a phishing attempt.}</related-content>
</section>
<section type="slide" position="8">
	<title>video_link</title>

	<content></content>

	<related-content>{\rtf1\ansi\ansicpg1252\cocoartf2512
\cocoatextscaling0\cocoaplatform0{\fonttbl\f0\fswiss\fcharset0 ArialMT;}
{\colortbl;\red255\green255\blue255;\red0\green0\blue0;}
{\*\expandedcolortbl;;\cspthree\c0\c0\c0;}
\pard\tx560\tx1120\tx1680\tx2240\tx2800\tx3360\tx3920\tx4480\tx5040\tx5600\tx6160\tx6720\pardirnatural\partightenfactor0

\f0\fs24 \cf2 Click the buttons to find out how you can firmly identify this message as a phishing attempt.}</related-content>
</section>
<section type="slide" position="9">
	<title>Summary</title>

	<content>
	<text>The sender’s email addres is from the correct domain</text>

	<text>The link matches the actual URL you are redirected to</text>

	<text>There are no spelling mistakes and no sense of urgency in the message</text>

	<text>The graphical quality is up to the standards of a big organization</text>
</content>

	<related-content>{\rtf1\ansi\ansicpg1252\cocoartf2512
\cocoatextscaling0\cocoaplatform0{\fonttbl\f0\fswiss\fcharset0 ArialMT;}
{\colortbl;\red255\green255\blue255;\red0\green0\blue0;}
{\*\expandedcolortbl;;\cspthree\c0\c0\c0;}
\pard\tx560\tx1120\tx1680\tx2240\tx2800\tx3360\tx3920\tx4480\tx5040\tx5600\tx6160\tx6720\pardirnatural\partightenfactor0

\f0\fs24 \cf2 In summary, these are a few things to check out to determine if the email you are reading is a phishing attempt or not.}; {\rtf1\ansi\ansicpg1252\cocoartf2512
\cocoatextscaling0\cocoaplatform0{\fonttbl\f0\froman\fcharset0 Times-Roman;}
{\colortbl;\red255\green255\blue255;\red0\green0\blue0;}
{\*\expandedcolortbl;;\cssrgb\c0\c0\c0;}
\deftab720
\pard\pardeftab720\partightenfactor0

\f0\fs24 \cf2 \expnd0\expndtw0\kerning0
\outl0\strokewidth0 \strokec2 First, verify that the sender&apos;s email address is from the correct domain}; {\rtf1\ansi\ansicpg1252\cocoartf2512
\cocoatextscaling0\cocoaplatform0{\fonttbl\f0\fswiss\fcharset0 ArialMT;}
{\colortbl;\red255\green255\blue255;\red0\green0\blue0;}
{\*\expandedcolortbl;;\cspthree\c0\c0\c0;}
\pard\tx560\tx1120\tx1680\tx2240\tx2800\tx3360\tx3920\tx4480\tx5040\tx5600\tx6160\tx6720\pardirnatural\partightenfactor0

\f0\fs24 \cf2 Next, verify that the link in the message matches the URL to which you are actually being redirected}; {\rtf1\ansi\ansicpg1252\cocoartf2512
\cocoatextscaling0\cocoaplatform0{\fonttbl\f0\fswiss\fcharset0 ArialMT;}
{\colortbl;\red255\green255\blue255;\red0\green0\blue0;}
{\*\expandedcolortbl;;\cspthree\c0\c0\c0;}
\pard\tx560\tx1120\tx1680\tx2240\tx2800\tx3360\tx3920\tx4480\tx5040\tx5600\tx6160\tx6720\pardirnatural\partightenfactor0

\f0\fs24 \cf2 Also check the general content of the message. Spelling mistakes or an overly pronounced sense of urgency should make you wary.}; {\rtf1\ansi\ansicpg1252\cocoartf2512
\cocoatextscaling0\cocoaplatform0{\fonttbl\f0\fswiss\fcharset0 ArialMT;}
{\colortbl;\red255\green255\blue255;\red0\green0\blue0;}
{\*\expandedcolortbl;;\cspthree\c0\c0\c0;}
\pard\tx560\tx1120\tx1680\tx2240\tx2800\tx3360\tx3920\tx4480\tx5040\tx5600\tx6160\tx6720\pardirnatural\partightenfactor0

\f0\fs24 \cf2 Finally, never forget that the communication departments of most large companies are particularly picky on the graphical quality of all external communications. Beware of messages that are below the usual graphical standards you can expect from the organization the message claims to be from.}</related-content>
</section>
<section type="slide" position="10">
	<title>closing</title>

	<content>
	<text>Thanks for Watching!</text>
</content>

	<related-content>{\rtf1\ansi\ansicpg1252\cocoartf2512
\cocoatextscaling0\cocoaplatform0{\fonttbl\f0\fswiss\fcharset0 ArialMT;}
{\colortbl;\red255\green255\blue255;\red0\green0\blue0;}
{\*\expandedcolortbl;;\cspthree\c0\c0\c0;}
\pard\tx560\tx1120\tx1680\tx2240\tx2800\tx3360\tx3920\tx4480\tx5040\tx5600\tx6160\tx6720\pardirnatural\partightenfactor0

\f0\fs24 \cf2 Thanks for watching this short training module on email security. }</related-content>
</section>
</document-metadata>
